,accuracy,precision,recall
3321221,0.843125,0.35,0.058577405857740586
1111222,0.8425,0.35,0.058333333333333334
1111221,0.856875,0.275,0.052132701421800945
3111212,0.859375,0.5238095238095238,0.048672566371681415
1133221,0.851875,0.36666666666666664,0.048034934497816595
1113322,0.853125,0.4230769230769231,0.047619047619047616
1222221,0.841875,0.25,0.047619047619047616
1312221,0.839375,0.2702702702702703,0.041666666666666664
3121121,0.859375,0.20512820512820512,0.039603960396039604
1113121,0.848125,0.2727272727272727,0.039473684210526314
1221222,0.855625,0.42857142857142855,0.039473684210526314
1121111,0.853125,0.375,0.039301310043668124
1123211,0.865625,0.4,0.037914691943127965
3321122,0.860625,0.32,0.037383177570093455
2111121,0.834375,0.23076923076923078,0.036885245901639344
1221121,0.846875,0.5,0.036734693877551024
3322222,0.84375,0.4090909090909091,0.036585365853658534
1112111,0.87375,0.3333333333333333,0.035897435897435895
1122222,0.83875,0.16666666666666666,0.035398230088495575
1213312,0.854375,0.4,0.034934497816593885
2111221,0.8425,0.21052631578947367,0.034782608695652174
1322121,0.854375,0.5,0.034334763948497854
1212122,0.864375,0.4666666666666667,0.032407407407407406
1121221,0.855625,0.28,0.031818181818181815
3112222,0.8575,0.5833333333333334,0.030434782608695653
3122221,0.850625,0.3181818181818182,0.030303030303030304
1221212,0.844375,0.23333333333333334,0.030042918454935622
1323121,0.85,0.4375,0.029411764705882353
3221322,0.864375,0.24,0.029411764705882353
3131122,0.868125,0.375,0.028985507246376812
1122112,0.86625,0.35294117647058826,0.028708133971291867
2123212,0.86875,0.46153846153846156,0.028708133971291867
1221111,0.836875,0.22580645161290322,0.028688524590163935
1131212,0.865625,0.42857142857142855,0.028169014084507043
3111111,0.85875,0.2857142857142857,0.027649769585253458
1111312,0.85875,0.4,0.026905829596412557
1132312,0.856875,0.5,0.026200873362445413
1322222,0.855625,0.42857142857142855,0.026200873362445413
1322312,0.853125,0.3333333333333333,0.026200873362445413
2321122,0.85375,0.4,0.025974025974025976
3122222,0.8475,0.3,0.025423728813559324
3123221,0.850625,0.46153846153846156,0.025210084033613446
1211111,0.868125,0.29411764705882354,0.024509803921568627
1323222,0.870625,0.38461538461538464,0.024509803921568627
1133212,0.8725,0.5555555555555556,0.024390243902439025
2223221,0.84625,0.5,0.024390243902439025
1131211,0.840625,0.3333333333333333,0.024096385542168676
3221212,0.86875,0.45454545454545453,0.023923444976076555
3222221,0.868125,0.4166666666666667,0.023923444976076555
2112211,0.868125,0.5,0.023696682464454975
3122212,0.868125,0.5,0.023696682464454975
1121211,0.839375,0.4,0.023622047244094488
1123222,0.866875,0.5,0.023474178403755867
3322212,0.834375,0.35294117647058826,0.023076923076923078
1311111,0.833125,0.375,0.022813688212927757
2112112,0.858125,0.29411764705882354,0.022727272727272728
2121211,0.85625,0.3333333333333333,0.022222222222222223
3112212,0.855,0.29411764705882354,0.022222222222222223
3121112,0.855625,0.3125,0.022222222222222223
1222211,0.855,0.3125,0.022123893805309734
1313221,0.86,0.7142857142857143,0.022026431718061675
1321221,0.8525,0.2631578947368421,0.022026431718061675
2221221,0.858125,0.5,0.022026431718061675
3111221,0.853125,0.2777777777777778,0.022026431718061675
1322122,0.848125,0.2,0.021929824561403508
1123122,0.845,0.1724137931034483,0.021834061135371178
1332221,0.855625,0.4166666666666667,0.021834061135371178
2122112,0.854375,0.35714285714285715,0.021834061135371178
2122222,0.855625,0.45454545454545453,0.021739130434782608
1231112,0.85375,0.38461538461538464,0.021645021645021644
1312222,0.84875,0.23809523809523808,0.021645021645021644
1322311,0.855,0.45454545454545453,0.021645021645021644
3111211,0.85375,0.38461538461538464,0.021645021645021644
1121322,0.85,0.2777777777777778,0.021551724137931036
1131321,0.855625,0.5555555555555556,0.021551724137931036
1111121,0.851875,0.38461538461538464,0.021367521367521368
1211312,0.86875,0.26666666666666666,0.019704433497536946
3113212,0.836875,0.35714285714285715,0.019455252918287938
1231211,0.8675,0.4444444444444444,0.018957345971563982
3111222,0.86375,0.26666666666666666,0.018957345971563982
1321211,0.864375,0.3076923076923077,0.018867924528301886
1211311,0.859375,0.2,0.018779342723004695
1212121,0.85875,0.19047619047619047,0.018779342723004695
1132222,0.8575,0.18181818181818182,0.018691588785046728
1323321,0.863125,0.3076923076923077,0.018691588785046728
3112122,0.864375,0.4444444444444444,0.018518518518518517
3131111,0.85875,0.2222222222222222,0.018518518518518517
2212111,0.8625,0.36363636363636365,0.018433179723502304
3322211,0.8625,0.36363636363636365,0.018433179723502304
1121311,0.85375,0.21052631578947367,0.017937219730941704
1311122,0.85875,0.36363636363636365,0.017937219730941704
3111322,0.85875,0.36363636363636365,0.017937219730941704
3212121,0.85875,0.36363636363636365,0.017937219730941704
1312121,0.8575,0.4,0.017699115044247787
2221222,0.851875,0.21052631578947367,0.017699115044247787
3113112,0.855625,0.3076923076923077,0.017699115044247787
1221311,0.85625,0.4,0.017543859649122806
1311321,0.854375,0.3076923076923077,0.017543859649122806
1321121,0.85125,0.2222222222222222,0.017543859649122806
3111311,0.85125,0.23529411764705882,0.017467248908296942
1221112,0.8425,0.13333333333333333,0.017391304347826087
2212212,0.85375,0.3333333333333333,0.017391304347826087
2111122,0.856875,0.8,0.017241379310344827
2222221,0.85625,0.6666666666666666,0.017241379310344827
1122121,0.848125,0.2222222222222222,0.017167381974248927
1311221,0.82875,0.081632653,0.017167381974248927
2112121,0.851875,0.3333333333333333,0.017167381974248927
2113212,0.8525,0.36363636363636365,0.017167381974248927
1232212,0.85125,0.3333333333333333,0.017094017094017096
2312212,0.85375,0.8,0.016877637130801686
3131221,0.84625,0.23529411764705882,0.016877637130801686
1133211,0.851875,0.6666666666666666,0.016736401673640166
3321121,0.85,0.4444444444444444,0.016736401673640166
3132322,0.848125,0.36363636363636365,0.016666666666666666
3221112,0.84875,0.4,0.016666666666666666
1121212,0.83875,0.2222222222222222,0.016129032258064516
1113311,0.839375,0.3076923076923077,0.015873015873015872
1132221,0.8625,0.10344827586206896,0.015228426395939087
2312122,0.873125,0.375,0.014925373134328358
1123321,0.870625,0.3,0.014778325123152709
2321112,0.87375,0.75,0.014705882352941176
2322221,0.868125,0.25,0.014634146341463415
1331221,0.864375,0.25,0.014218009478672985
1131221,0.855625,0.125,0.014084507042253521
1221211,0.8625,0.23076923076923078,0.014084507042253521
2322122,0.860625,0.2,0.014018691588785047
1112312,0.86625,0.6,0.013953488372093023
1123112,0.8575,0.15789473684210525,0.013953488372093023
1222312,0.863125,0.3,0.013953488372093023
1112121,0.85625,0.16666666666666666,0.013761467889908258
1313212,0.86375,0.5,0.013761467889908258
1331122,0.8625,0.375,0.013761467889908258
1332222,0.8575,0.23076923076923078,0.013574660633484163
3311111,0.86125,0.42857142857142855,0.013574660633484163
1212321,0.861875,0.6,0.013513513513513514
1233211,0.86,0.375,0.013513513513513514
3123311,0.854375,0.17647058823529413,0.013513513513513514
1223322,0.85875,0.3333333333333333,0.013452914798206279
2322311,0.861875,0.75,0.013452914798206279
3131212,0.86125,0.6,0.013452914798206279
3322111,0.861875,0.75,0.013452914798206279
1132321,0.86125,0.75,0.013392857142857142
2222112,0.860625,0.6,0.013392857142857142
3222222,0.8575,0.3,0.013392857142857142
2222312,0.85625,0.2727272727272727,0.013333333333333334
1132112,0.85625,0.3333333333333333,0.013215859030837005
1133121,0.855625,0.3,0.013215859030837005
1333221,0.8575,0.42857142857142855,0.013215859030837005
2112312,0.85625,0.3333333333333333,0.013215859030837005
3112111,0.859375,0.75,0.013215859030837005
1232312,0.85875,0.75,0.013157894736842105
1332321,0.850625,0.17647058823529413,0.013157894736842105
2321211,0.855625,0.3333333333333333,0.013157894736842105
3123112,0.85875,0.75,0.013157894736842105
3332112,0.856875,0.42857142857142855,0.013157894736842105
1213112,0.85625,0.42857142857142855,0.013100436681222707
2212122,0.856875,0.6,0.013043478260869565
2232121,0.85625,0.5,0.013043478260869565
2311222,0.85625,0.5,0.013043478260869565
1211211,0.84125,0.10344827586206896,0.012987012987012988
1331311,0.85625,0.6,0.012987012987012988
1332211,0.856875,0.75,0.012987012987012988
2111311,0.854375,0.375,0.012987012987012988
2222212,0.850625,0.21428571428571427,0.012987012987012988
1112321,0.8525,0.3333333333333333,0.012875536480686695
1131111,0.851875,0.3,0.012875536480686695
1222111,0.85125,0.2727272727272727,0.012875536480686695
2122312,0.854375,0.5,0.012875536480686695
2131211,0.851875,0.3,0.012875536480686695
3322221,0.854375,0.5,0.012875536480686695
1131122,0.851875,0.42857142857142855,0.012711864406779662
3212111,0.8525,0.5,0.012711864406779662
3321111,0.85,0.3,0.012711864406779662
2121122,0.851875,0.5,0.012658227848101266
2131121,0.851875,0.5,0.012658227848101266
3133312,0.8525,0.6,0.012658227848101266
3221221,0.846875,0.23076923076923078,0.012605042016806723
3311222,0.851875,0.75,0.012552301255230125
3312222,0.85,0.42857142857142855,0.012552301255230125
2311211,0.848125,0.375,0.012448132780082987
2132221,0.85,0.75,0.012396694214876033
2221211,0.8475,0.375,0.012396694214876033
3212222,0.850625,1,0.012396694214876033
1331112,0.84125,0.1875,0.012295081967213115
2322111,0.846875,0.42857142857142855,0.012295081967213115
3133112,0.846875,0.5,0.012244897959183673
3222212,0.84625,0.5,0.012195121951219513
1213211,0.839375,0.1875,0.012145748987854251
1231122,0.844375,0.375,0.012145748987854251
1131222,0.838125,0.3,0.011764705882352941
1121112,0.825,0.22916666666666666,0.096491228
1113312,0.82625,0.20202020202020202,0.091324201
1211221,0.836875,0.39285714285714285,0.088353414
3121111,0.843125,0.3389830508474576,0.086206897
1112122,0.8225,0.20430107526881722,0.082969432
3113211,0.831875,0.20689655172413793,0.082568807
2121212,0.83125,0.27692307692307694,0.074688797
1112112,0.825625,0.21518987341772153,0.072649573
2111212,0.846875,0.2962962962962963,0.071748879
2222121,0.828125,0.2361111111111111,0.071729958
1222212,0.846875,0.3076923076923077,0.071111111
3111112,0.835,0.2982456140350877,0.070539419
3122211,0.831875,0.2786885245901639,0.070247934
2121222,0.8275,0.23880597014925373,0.066390041
1311121,0.850625,0.39473684210526316,0.064935065
1321212,0.83875,0.2727272727272727,0.064377682
1111112,0.855625,0.4827586206896552,0.060869565
1322112,0.83875,0.25,0.060869565
1222322,0.8425,0.3684210526315789,0.05785124
1121222,0.84625,0.3939393939393939,0.054393305
2131212,0.8625,0.6,0.053571429
1321122,0.833125,0.1935483870967742,0.052401747
1113211,0.84875,0.34285714285714286,0.051948052
1112211,0.8475,0.3333333333333333,0.051724138
1121121,0.845,0.3076923076923077,0.051502146
1121312,0.845,0.35294117647058826,0.050420168
1122221,0.864375,0.3125,0.048780488
3111122,0.84875,0.3793103448275862,0.046808511
3122112,0.839375,0.28205128205128205,0.045833333
2121112,0.856875,0.38461538461538464,0.044843049
1311212,0.84,0.23255813953488372,0.042918455
1312211,0.840625,0.25,0.042553191
3112312,0.850625,0.25,0.040723982
2122221,0.85375,0.3103448275862069,0.040358744
2111211,0.840625,0.43478260869565216,0.03968254
3121211,0.830625,0.2702702702702703,0.039370079
2132211,0.855,0.45,0.039130435
1111211,0.848125,0.3103448275862069,0.038793103
1132211,0.845,0.3333333333333333,0.037656904
1113222,0.84125,0.1509433962264151,0.036866359
3321211,0.86125,0.38095238095238093,0.036866359
1113321,0.853125,0.2857142857142857,0.035874439
1122212,0.850625,0.25806451612903225,0.035714286
3112221,0.8525,0.2857142857142857,0.035714286
3132111,0.853125,0.2962962962962963,0.035714286
1131311,0.82875,0.12698412698412698,0.035242291
1112221,0.844375,0.21621621621621623,0.035087719
1331212,0.855,0.4,0.035087719
3132212,0.853125,0.5,0.034042553
1113111,0.84875,0.38095238095238093,0.033755274
1111111,0.869375,0.5384615384615384,0.033333333
1223222,0.884375,0.42857142857142855,0.032786885
2131112,0.845,0.4,0.032786885
2132222,0.84625,0.4444444444444444,0.032786885
1211121,0.855625,0.23333333333333334,0.03255814
1322212,0.855625,0.23333333333333334,0.03255814
1222222,0.86,0.3333333333333333,0.032258065
1211112,0.85,0.19444444444444445,0.032110092
1223212,0.8575,0.2916666666666667,0.032110092
1113122,0.84375,0.5,0.032
3113111,0.861875,0.4375,0.03196347
1212211,0.855625,0.2916666666666667,0.031674208
3112211,0.858125,0.3684210526315789,0.031531532
2111312,0.850625,0.25,0.031111111
2131111,0.85375,0.35,0.030701754
1131322,0.846875,0.25925925925925924,0.030172414
2132111,0.83875,0.3684210526315789,0.027667984
3122122,0.838125,0.5,0.027027027
3113222,0.858125,0.5,0.026431718
1123111,0.8575,0.5,0.026315789
3112112,0.8425,0.16666666666666666,0.026315789
1132111,0.856875,0.5454545454545454,0.026086957
3111312,0.853125,0.35294117647058826,0.026086957
1221312,0.853125,0.4,0.025862069
3121221,0.85375,0.42857142857142855,0.025862069
2312211,0.844375,0.23076923076923078,0.025531915
1312212,0.848125,0.4,0.025
3321212,0.8475,0.375,0.025
3211222,0.861875,0.21739130434782608,0.024038462
3112311,0.85875,0.20833333333333334,0.023584906
1113212,0.866875,0.5555555555555556,0.023364486
1123121,0.86,0.29411764705882354,0.023041475
2321111,0.86375,0.5555555555555556,0.02283105
1122312,0.86,0.38461538461538464,0.022624434
3321222,0.8625,0.5555555555555556,0.022624434
2111111,0.860625,0.45454545454545453,0.022522523
1111212,0.855625,0.625,0.021459227
1321111,0.84625,0.21739130434782608,0.021459227
2321222,0.851875,0.35714285714285715,0.021459227
1221221,0.845625,0.22727272727272727,0.021276596
2112221,0.83875,0.15151515151515152,0.021276596
2112111,0.849375,0.3333333333333333,0.021186441
2112212,0.855,0.8333333333333334,0.021186441
1112212,0.8475,0.3125,0.021008403
1112222,0.845625,0.2777777777777778,0.020920502
1122321,0.84625,0.35714285714285715,0.020661157
3221111,0.846875,0.38461538461538464,0.020661157
1322211,0.836875,0.17857142857142858,0.020576132
3211112,0.844375,0.35714285714285715,0.020408163
1133321,0.875625,0.6666666666666666,0.019900498
2211211,0.873125,0.6666666666666666,0.019512195
1332112,0.838125,0.45454545454545453,0.019379845
1311112,0.8675,0.3076923076923077,0.019323671
1111122,0.85875,0.25,0.018348624
2113122,0.858125,0.25,0.01826484
2312222,0.863125,0.5,0.01826484
1211122,0.85875,0.2857142857142857,0.018181818
1213121,0.860625,0.36363636363636365,0.018181818
1332122,0.863125,0.5714285714285714,0.018181818
1112322,0.8625,0.5714285714285714,0.018099548
1222121,0.846875,0.125,0.018099548
1121321,0.856875,0.4,0.017621145
1331312,0.8575,0.4444444444444444,0.017621145
3313312,0.859375,0.6666666666666666,0.017621145
1132212,0.853125,0.5714285714285714,0.016949153
1313311,0.850625,0.36363636363636365,0.016949153
1123212,0.846875,0.4,0.016460905
2112222,0.846875,0.4444444444444444,0.016393443
1322221,0.854375,0.075,0.015075377
3331211,0.83375,0.5714285714285714,0.014981273
1123311,0.864375,0.75,0.01369863
1322111,0.85125,0.12,0.01369863
1212312,0.858125,0.42857142857142855,0.013274336
2111322,0.859375,0.6,0.013274336
2121322,0.8575,0.375,0.013274336
3222312,0.860625,1,0.013274336
2111112,0.854375,0.42857142857142855,0.012931034
1122322,0.84625,0.16666666666666666,0.012820513
1321112,0.85,0.25,0.012820513
2323121,0.846875,0.17647058823529413,0.012820513
1331211,0.85,0.2727272727272727,0.012765957
3131222,0.854375,0.75,0.012765957
1231212,0.848125,0.3333333333333333,0.0125
1323112,0.84375,0.6,0.011952191
3132211,0.866875,0.25,0.009569378
1313312,0.866875,0.5,0.009389671
2113312,0.86625,0.4,0.009389671
2122111,0.866875,0.5,0.009389671
1332311,0.86375,0.25,0.009345794
2133111,0.865,0.3333333333333333,0.009345794
1113221,0.8625,0.2222222222222222,0.009302326
1131121,0.865625,0.5,0.009302326
2113222,0.86625,0.6666666666666666,0.009302326
1111321,0.86375,0.3333333333333333,0.009259259
2222222,0.858125,0.14285714285714285,0.00921659
2223122,0.865,0.6666666666666666,0.00921659
2223322,0.864375,0.5,0.00921659
2231212,0.865625,1,0.00921659
2323222,0.865625,1,0.00921659
1222112,0.864375,0.6666666666666666,0.009174312
2113111,0.86375,0.5,0.009174312
2333121,0.865,1,0.009174312
1323211,0.858125,0.16666666666666666,0.00913242
2123112,0.860625,0.25,0.00913242
3311211,0.86125,0.2857142857142857,0.00913242
1312322,0.86375,1,0.009090909
2213211,0.861875,0.4,0.009090909
2322212,0.85875,0.2,0.009090909
2123122,0.85125,0.095238095,0.009049774
2223111,0.8625,0.6666666666666666,0.009049774
3121312,0.86,0.2857142857142857,0.009049774
3131112,0.861875,0.5,0.009049774
1213122,0.860625,0.4,0.009009009
1321311,0.855,0.14285714285714285,0.009009009
3332311,0.8625,1,0.009009009
1132121,0.85625,0.18181818181818182,0.00896861
1313121,0.8575,0.2222222222222222,0.00896861
2112122,0.859375,0.3333333333333333,0.00896861
1321312,0.8575,0.25,0.008928571
2131222,0.86,0.5,0.008928571
2311312,0.86,0.5,0.008928571
1111311,0.859375,0.5,0.008888889
3121122,0.848125,0.090909091,0.008888889
3212322,0.86,0.6666666666666666,0.008888889
3222112,0.86,0.6666666666666666,0.008888889
3322311,0.860625,1,0.008888889
1211222,0.85625,0.25,0.008849558
1212112,0.856875,0.2857142857142857,0.008849558
1323312,0.853125,0.15384615384615385,0.008849558
2211121,0.859375,0.6666666666666666,0.008849558
3231111,0.859375,0.6666666666666666,0.008849558
1111322,0.85625,0.2857142857142857,0.008810573
1323111,0.8525,0.15384615384615385,0.008810573
1331121,0.85875,0.6666666666666666,0.008810573
1133311,0.858125,0.6666666666666666,0.00877193
1223321,0.856875,0.4,0.00877193
1313111,0.856875,0.4,0.00877193
2131312,0.855,0.25,0.00877193
2312312,0.858125,0.6666666666666666,0.00877193
3123212,0.828125,0.039215686,0.00877193
1212111,0.856875,0.5,0.008733624
2212311,0.8575,0.6666666666666666,0.008733624
3322312,0.856875,0.5,0.008733624
3331212,0.8575,0.6666666666666666,0.008733624
2133211,0.855625,0.4,0.008695652
1321222,0.85,0.15384615384615385,0.008658009
2132112,0.85375,0.2857142857142857,0.008658009
3312212,0.853125,0.25,0.008658009
2313111,0.855,0.5,0.00862069
3132221,0.848125,0.13333333333333333,0.00862069
3211221,0.85375,0.3333333333333333,0.00862069
1233111,0.85375,0.4,0.008583691
1311311,0.853125,0.3333333333333333,0.008583691
3121222,0.85125,0.2222222222222222,0.008583691
3131211,0.849375,0.16666666666666666,0.008583691
1212221,0.84875,0.16666666666666666,0.008547009
2131311,0.841875,0.086956522,0.008547009
3123111,0.854375,0.6666666666666666,0.008547009
3332322,0.854375,0.6666666666666666,0.008547009
3222211,0.849375,0.2,0.008510638
3312322,0.854375,1,0.008510638
1123221,0.848125,0.18181818181818182,0.008474576
1213222,0.85375,1,0.008474576
1221321,0.853125,0.6666666666666666,0.008474576
1311222,0.8525,0.5,0.008474576
2111321,0.85,0.25,0.008474576
2322121,0.849375,0.2222222222222222,0.008474576
2331221,0.85375,1,0.008474576
2332222,0.8525,0.5,0.008474576
3232311,0.85375,1,0.008474576
1113112,0.8525,0.6666666666666666,0.008438819
1231121,0.848125,0.2222222222222222,0.008403361
2133221,0.850625,0.4,0.008403361
2221112,0.85,0.3333333333333333,0.008403361
3212122,0.8475,0.2,0.008403361
2111222,0.85125,0.6666666666666666,0.008368201
2121221,0.844375,0.14285714285714285,0.008368201
3133321,0.850625,0.5,0.008368201
1112311,0.84875,0.3333333333333333,0.008333333
1122122,0.840625,0.10526315789473684,0.008333333
2231221,0.849375,0.4,0.008333333
2311122,0.85125,1,0.008333333
2321221,0.849375,0.5,0.008298755
2132122,0.848125,0.4,0.008264463
2223212,0.849375,0.6666666666666666,0.008264463
1223111,0.845,0.2222222222222222,0.008230453
1312321,0.845625,0.2857142857142857,0.008196721
1323212,0.846875,0.4,0.008196721
3112121,0.848125,0.6666666666666666,0.008196721
2321121,0.84625,0.4,0.008163265
3322121,0.84375,0.2222222222222222,0.008163265
1313112,0.84625,0.5,0.008130081
2222211,0.8425,0.2,0.008130081
3121212,0.84625,0.6666666666666666,0.008097166
2232211,0.84625,1,0.008064516
2311212,0.845625,0.6666666666666666,0.008064516
2222111,0.843125,0.3333333333333333,0.008032129
3232322,0.845,0.6666666666666666,0.008032129
2121311,0.84,0.2222222222222222,0.007968127
2121321,0.841875,0.6666666666666666,0.007874016
1212322,0.8775,0.3333333333333333,0.005128205
1323322,0.8775,0.3333333333333333,0.005128205
3132311,0.874375,0.16666666666666666,0.005076142
2122322,0.874375,0.25,0.005025126
3333211,0.875,0.5,0.005
2212112,0.873125,1,0.004901961
3231221,0.873125,1,0.004901961
3333122,0.87,0.25,0.004854369
3322322,0.869375,0.25,0.004830918
1233222,0.87,0.5,0.004807692
3132112,0.868125,0.2,0.004807692
3113311,0.869375,0.5,0.004784689
3222121,0.86875,0.3333333333333333,0.004784689
3232211,0.86875,0.3333333333333333,0.004784689
1322321,0.863125,0.090909091,0.004761905
2121121,0.86875,0.5,0.004761905
2321312,0.86875,0.5,0.004761905
2333312,0.86875,1,0.004739336
3111321,0.8625,0.090909091,0.004739336
3321112,0.868125,0.5,0.004739336
1231111,0.86625,0.25,0.004716981
2133321,0.866875,0.3333333333333333,0.004716981
2221111,0.863125,0.1111111111111111,0.004716981
2323112,0.865625,0.2,0.004716981
3123121,0.868125,1,0.004716981
2113311,0.866875,0.5,0.004694836
3133211,0.8675,1,0.004694836
1232121,0.864375,0.2,0.004672897
2133112,0.86625,0.5,0.004672897
2231211,0.865,0.25,0.004672897
2231321,0.866875,1,0.004672897
1122111,0.860625,0.1,0.004651163
1331222,0.864375,0.25,0.004651163
2213112,0.86625,1,0.004651163
2333212,0.865625,0.5,0.004651163
3323212,0.86625,1,0.004651163
2123222,0.865625,1,0.00462963
3122322,0.865,0.5,0.00462963
3313321,0.865625,1,0.00462963
1223312,0.861875,0.16666666666666666,0.004608295
1233322,0.864375,0.5,0.004608295
2131321,0.865,1,0.004608295
2223321,0.864375,0.5,0.004608295
2232212,0.86375,0.3333333333333333,0.004608295
2312111,0.863125,0.25,0.004608295
2322211,0.861875,0.16666666666666666,0.004608295
3111121,0.86375,0.3333333333333333,0.004608295
3121311,0.86125,0.14285714285714285,0.004608295
3122121,0.8625,0.2,0.004608295
3312121,0.8625,0.2,0.004608295
1123322,0.86,0.125,0.004587156
1132322,0.864375,1,0.004587156
1232111,0.864375,1,0.004587156
3132222,0.860625,0.14285714285714285,0.004587156
3322122,0.861875,0.2,0.004587156
1121122,0.8575,0.090909091,0.00456621
2211111,0.863125,0.5,0.00456621
3231321,0.863125,0.5,0.00456621
3332111,0.861875,0.25,0.00456621
1312112,0.86125,0.25,0.004545455
1332312,0.861875,0.3333333333333333,0.004545455
2223312,0.863125,1,0.004545455
1131112,0.8625,1,0.004524887
2133322,0.8625,1,0.004524887
3221321,0.860625,0.25,0.004524887
1132122,0.86,0.25,0.004504505
1223311,0.861875,1,0.004504505
1331322,0.86125,0.5,0.004504505
2123312,0.86125,0.5,0.004504505
2212221,0.86,0.25,0.004504505
2213222,0.861875,1,0.004504505
2232322,0.86125,0.5,0.004504505
3132321,0.86125,0.5,0.004504505
3231122,0.86,0.25,0.004504505
1232222,0.85875,0.2,0.004484305
2123221,0.855,0.090909091,0.004484305
3132121,0.86,0.3333333333333333,0.004484305
1312311,0.860625,1,0.004464286
2322112,0.859375,0.3333333333333333,0.004464286
3211212,0.8575,0.16666666666666666,0.004464286
3221222,0.860625,1,0.004464286
3222122,0.8575,0.16666666666666666,0.004464286
3223311,0.860625,1,0.004464286
3232212,0.86,0.5,0.004464286
2131122,0.856875,0.16666666666666666,0.004444444
2322312,0.85375,0.090909091,0.004444444
3123321,0.859375,0.5,0.004444444
3133221,0.856875,0.16666666666666666,0.004444444
1311211,0.856875,0.2,0.004424779
2113112,0.854375,0.1111111111111111,0.004424779
2221321,0.85875,0.5,0.004424779
3212321,0.859375,1,0.004424779
3232222,0.85875,0.5,0.004424779
3311321,0.85875,0.5,0.004424779
3332221,0.8575,0.25,0.004424779
3333221,0.859375,1,0.004424779
1231221,0.856875,0.25,0.004405286
1232221,0.858125,0.5,0.004405286
2122321,0.85875,1,0.004405286
2132311,0.855625,0.16666666666666666,0.004405286
2233112,0.8575,0.3333333333333333,0.004405286
2321322,0.85875,1,0.004405286
2332121,0.858125,0.5,0.004405286
3233311,0.85875,1,0.004405286
1222311,0.8575,0.5,0.004385965
1333121,0.8575,0.5,0.004385965
2132212,0.858125,1,0.004385965
2311121,0.8575,0.5,0.004385965
3232111,0.8575,0.5,0.004385965
3313222,0.858125,1,0.004385965
1213311,0.85625,0.3333333333333333,0.004366812
2132322,0.856875,0.5,0.004366812
2232111,0.8575,1,0.004366812
2311112,0.85625,0.3333333333333333,0.004366812
3222322,0.856875,0.5,0.004366812
3231212,0.8575,1,0.004366812
3311122,0.8575,1,0.004366812
3312211,0.8575,1,0.004366812
1211322,0.855,0.25,0.004347826
1233212,0.855,0.25,0.004347826
1332121,0.85625,0.5,0.004347826
2331112,0.856875,1,0.004347826
3133322,0.856875,1,0.004347826
2313122,0.855625,0.5,0.004329004
3322112,0.850625,0.1,0.004329004
2133212,0.855,0.5,0.004310345
3123122,0.85125,0.125,0.004310345
3211211,0.8525,0.16666666666666666,0.004310345
3212112,0.853125,0.2,0.004310345
3231311,0.855,0.5,0.004310345
1223112,0.854375,0.5,0.004291845
1323311,0.85375,0.3333333333333333,0.004291845
2122311,0.855,1,0.004291845
2223112,0.854375,0.5,0.004291845
3311121,0.85375,0.3333333333333333,0.004291845
1222122,0.845625,0.066666667,0.004273504
1311322,0.85375,0.5,0.004273504
1323221,0.854375,1,0.004273504
2221212,0.850625,0.14285714285714285,0.004273504
2312322,0.854375,1,0.004273504
2332211,0.854375,1,0.004273504
3122311,0.854375,1,0.004273504
3133212,0.853125,0.3333333333333333,0.004273504
1212311,0.85125,0.2,0.004255319
1313222,0.85,0.14285714285714285,0.004255319
2231311,0.853125,0.5,0.004255319
2311311,0.853125,0.5,0.004255319
2313222,0.85125,0.2,0.004255319
2331111,0.85375,1,0.004255319
3112322,0.85375,1,0.004255319
3223321,0.85125,0.2,0.004255319
3311311,0.85375,1,0.004255319
2133122,0.853125,1,0.004237288
3113312,0.853125,1,0.004237288
1331111,0.85,0.2,0.004219409
2223222,0.850625,0.25,0.004219409
2233221,0.851875,0.5,0.004219409
2313321,0.851875,0.5,0.004219409
3212311,0.851875,0.5,0.004219409
3323222,0.850625,0.25,0.004219409
2133121,0.848125,0.14285714285714285,0.004201681
2213111,0.85125,0.5,0.004201681
2333311,0.851875,1,0.004201681
3113121,0.851875,1,0.004201681
3331221,0.851875,1,0.004201681
2223121,0.846875,0.125,0.0041841
3233212,0.850625,0.5,0.0041841
3331322,0.850625,0.5,0.0041841
1212212,0.843125,0.076923077,0.004166667
1321322,0.848125,0.2,0.004166667
2323212,0.850625,1,0.004166667
3232122,0.85,0.5,0.004166667
1123312,0.85,1,0.004149378
1223221,0.848125,0.25,0.004149378
1322322,0.848125,0.25,0.004149378
1332111,0.849375,0.5,0.004149378
3223322,0.85,1,0.004149378
1132311,0.8475,0.25,0.004132231
2123121,0.849375,1,0.004132231
3113321,0.849375,1,0.004132231
3131312,0.849375,1,0.004132231
3131321,0.848125,0.3333333333333333,0.004132231
3333112,0.849375,1,0.004132231
3121322,0.84875,1,0.004115226
2133222,0.8475,0.5,0.004098361
2212312,0.8475,0.5,0.004098361
2332122,0.845625,0.2,0.004098361
1331321,0.8475,1,0.004081633
3313122,0.846875,0.5,0.004081633
1232122,0.84,0.083333333,0.004065041
1312122,0.841875,0.1111111111111111,0.004065041
2122211,0.843125,0.14285714285714285,0.004065041
1211212,0.844375,0.25,0.004048583
1233121,0.84625,1,0.004048583
1311312,0.845625,0.5,0.004048583
1213212,0.843125,0.2,0.004032258
2311111,0.845,0.5,0.004032258
1333112,0.844375,0.5,0.004016064
3212221,0.84375,0.3333333333333333,0.004016064
2321212,0.84375,0.5,0.004
3311212,0.84375,0.5,0.004
1223211,0.8425,0.3333333333333333,0.003984064
2313211,0.84375,1,0.003984064
2213312,0.8425,1,0.003952569
2231111,0.84125,0.3333333333333333,0.003952569
1233221,0.83875,0.2,0.003921569
2211212,0.84,0.5,0.00390625
3323121,0.840625,1,0.00390625
1223122,0.83875,0.3333333333333333,0.003891051
1333211,0.8375,0.25,0.003875969
3123211,0.835625,0.3333333333333333,0.003816794
2113121,0.83125,0.3333333333333333,0.003717472
3233112,0.828125,0.5,0.003636364
1122211,0.856875,0,0
1122311,0.839375,0,0
1131312,0.865,0,0
1133111,0.85375,0,0
1133112,0.849375,0,0
1133122,0.86125,0,0
1133222,0.85375,0,0
1133312,0.854375,0,0
1133322,0.85125,0,0
1211321,0.84375,0,0
1212222,0.854375,0,0
1213111,0.85875,0,0
1213221,0.855625,0,0
1213321,0.85125,0,0
1213322,0.85875,0,0
1221122,0.864375,0,0
1221322,0.863125,0,0
1222321,0.846875,0,0
1223121,0.863125,0,0
1231222,0.850625,0,0
1231311,0.85625,0,0
1231312,0.8625,0,0
1231321,0.848125,0,0
1231322,0.86375,0,0
1232112,0.864375,0,0
1232211,0.865,0,0
1232311,0.844375,0,0
1232321,0.8625,0,0
1232322,0.865625,0,0
1233112,0.856875,0,0
1233122,0.86125,0,0
1233311,0.8725,0,0
1233312,0.8475,0,0
1233321,0.868125,0,0
1312111,0.8575,0,0
1312312,0.8625,0,0
1313122,0.864375,0,0
1313211,0.860625,0,0
1313321,0.85875,0,0
1313322,0.8575,0,0
1321321,0.851875,0,0
1323122,0.8725,0,0
1332212,0.8525,0,0
1332322,0.859375,0,0
1333111,0.845,0,0
1333122,0.85625,0,0
1333212,0.84875,0,0
1333222,0.849375,0,0
1333311,0.854375,0,0
1333312,0.853125,0,0
1333321,0.866875,0,0
1333322,0.85375,0,0
2112311,0.845625,0,0
2112321,0.851875,0,0
2112322,0.850625,0,0
2113211,0.86125,0,0
2113221,0.8625,0,0
2113321,0.875625,0,0
2113322,0.86,0,0
2121111,0.8475,0,0
2121312,0.865625,0,0
2122121,0.856875,0,0
2122122,0.8525,0,0
2122212,0.845625,0,0
2123111,0.850625,0,0
2123211,0.8525,0,0
2123311,0.850625,0,0
2123321,0.864375,0,0
2123322,0.854375,0,0
2131221,0.855,0,0
2131322,0.87,0,0
2132121,0.859375,0,0
2132312,0.864375,0,0
2132321,0.8575,0,0
2133311,0.849375,0,0
2133312,0.855625,0,0
2211112,0.8575,0,0
2211122,0.861875,0,0
2211221,0.851875,0,0
2211222,0.855,0,0
2211311,0.865625,0,0
2211312,0.855,0,0
2211321,0.844375,0,0
2211322,0.85625,0,0
2212121,0.85375,0,0
2212211,0.85,0,0
2212222,0.85375,0,0
2212321,0.8375,0,0
2212322,0.855625,0,0
2213121,0.84625,0,0
2213122,0.849375,0,0
2213212,0.85625,0,0
2213221,0.846875,0,0
2213311,0.851875,0,0
2213321,0.86,0,0
2213322,0.861875,0,0
2221121,0.8525,0,0
2221122,0.85375,0,0
2221311,0.85125,0,0
2221312,0.845,0,0
2221322,0.853125,0,0
2222122,0.8625,0,0
2222311,0.856875,0,0
2222321,0.868125,0,0
2222322,0.84875,0,0
2223211,0.863125,0,0
2223311,0.869375,0,0
2231112,0.859375,0,0
2231121,0.8675,0,0
2231122,0.85875,0,0
2231222,0.865625,0,0
2231312,0.854375,0,0
2231322,0.855,0,0
2232112,0.845,0,0
2232122,0.85625,0,0
2232221,0.858125,0,0
2232222,0.85625,0,0
2232311,0.853125,0,0
2232312,0.849375,0,0
2232321,0.859375,0,0
2233111,0.845,0,0
2233121,0.85875,0,0
2233122,0.839375,0,0
2233211,0.865625,0,0
2233212,0.85875,0,0
2233222,0.858125,0,0
2233311,0.846875,0,0
2233312,0.853125,0,0
2233321,0.861875,0,0
2233322,0.849375,0,0
2311221,0.8475,0,0
2311321,0.856875,0,0
2311322,0.856875,0,0
2312112,0.860625,0,0
2312121,0.859375,0,0
2312221,0.8625,0,0
2312311,0.861875,0,0
2312321,0.859375,0,0
2313112,0.86125,0,0
2313121,0.851875,0,0
2313212,0.8575,0,0
2313221,0.841875,0,0
2313311,0.853125,0,0
2313312,0.854375,0,0
2313322,0.853125,0,0
2321311,0.851875,0,0
2321321,0.855625,0,0
2322222,0.863125,0,0
2322321,0.8425,0,0
2322322,0.850625,0,0
2323111,0.85625,0,0
2323122,0.8525,0,0
2323211,0.85875,0,0
2323221,0.858125,0,0
2323311,0.851875,0,0
2323312,0.8625,0,0
2323321,0.861875,0,0
2323322,0.843125,0,0
2331121,0.85,0,0
2331122,0.863125,0,0
2331211,0.853125,0,0
2331212,0.875625,0,0
2331222,0.860625,0,0
2331311,0.86,0,0
2331312,0.8775,0,0
2331321,0.84375,0,0
2331322,0.849375,0,0
2332111,0.865,0,0
2332112,0.861875,0,0
2332212,0.86375,0,0
2332221,0.85125,0,0
2332311,0.8525,0,0
2332312,0.86875,0,0
2332321,0.858125,0,0
2332322,0.848125,0,0
2333111,0.858125,0,0
2333112,0.85375,0,0
2333122,0.84875,0,0
2333211,0.85125,0,0
2333221,0.844375,0,0
2333222,0.87375,0,0
2333321,0.854375,0,0
2333322,0.85875,0,0
3112321,0.8475,0,0
3113122,0.855,0,0
3113221,0.859375,0,0
3113322,0.855625,0,0
3121321,0.8625,0,0
3122111,0.860625,0,0
3122312,0.853125,0,0
3122321,0.85625,0,0
3123222,0.86375,0,0
3123312,0.875,0,0
3123322,0.851875,0,0
3131121,0.855,0,0
3131311,0.84625,0,0
3131322,0.85625,0,0
3132122,0.850625,0,0
3132312,0.864375,0,0
3133111,0.8525,0,0
3133121,0.861875,0,0
3133122,0.845625,0,0
3133222,0.858125,0,0
3133311,0.84875,0,0
3211111,0.833125,0,0
3211121,0.848125,0,0
3211122,0.8525,0,0
3211311,0.858125,0,0
3211312,0.86625,0,0
3211321,0.871875,0,0
3211322,0.855625,0,0
3212211,0.855,0,0
3212212,0.861875,0,0
3212312,0.84875,0,0
3213111,0.846875,0,0
3213112,0.849375,0,0
3213121,0.856875,0,0
3213122,0.845,0,0
3213211,0.86875,0,0
3213212,0.863125,0,0
3213221,0.856875,0,0
3213222,0.855,0,0
3213311,0.858125,0,0
3213312,0.85625,0,0
3213321,0.8425,0,0
3213322,0.86625,0,0
3221121,0.84875,0,0
3221122,0.851875,0,0
3221211,0.863125,0,0
3221311,0.875625,0,0
3221312,0.853125,0,0
3222111,0.85625,0,0
3222311,0.85875,0,0
3222321,0.863125,0,0
3223111,0.86375,0,0
3223112,0.845,0,0
3223121,0.845625,0,0
3223122,0.8525,0,0
3223211,0.848125,0,0
3223212,0.86375,0,0
3223221,0.859375,0,0
3223222,0.864375,0,0
3223312,0.854375,0,0
3231112,0.860625,0,0
3231121,0.85125,0,0
3231211,0.86125,0,0
3231222,0.851875,0,0
3231312,0.8475,0,0
3231322,0.86375,0,0
3232112,0.856875,0,0
3232121,0.848125,0,0
3232221,0.8475,0,0
3232312,0.861875,0,0
3232321,0.853125,0,0
3233111,0.85375,0,0
3233121,0.844375,0,0
3233122,0.856875,0,0
3233211,0.853125,0,0
3233221,0.853125,0,0
3233222,0.855625,0,0
3233312,0.875625,0,0
3233321,0.8525,0,0
3233322,0.846875,0,0
3311112,0.8525,0,0
3311221,0.845625,0,0
3311312,0.84875,0,0
3311322,0.858125,0,0
3312111,0.859375,0,0
3312112,0.863125,0,0
3312122,0.86,0,0
3312221,0.85875,0,0
3312311,0.853125,0,0
3312312,0.85875,0,0
3312321,0.86375,0,0
3313111,0.85125,0,0
3313112,0.868125,0,0
3313121,0.8625,0,0
3313211,0.8425,0,0
3313212,0.866875,0,0
3313221,0.8475,0,0
3313311,0.848125,0,0
3313322,0.853125,0,0
3321311,0.8675,0,0
3321312,0.86125,0,0
3321321,0.86,0,0
3321322,0.861875,0,0
3322321,0.85375,0,0
3323111,0.855625,0,0
3323112,0.8575,0,0
3323122,0.85125,0,0
3323211,0.856875,0,0
3323221,0.851875,0,0
3323311,0.86,0,0
3323312,0.849375,0,0
3323321,0.858125,0,0
3323322,0.8425,0,0
3331111,0.864375,0,0
3331112,0.8625,0,0
3331121,0.859375,0,0
3331122,0.863125,0,0
3331222,0.864375,0,0
3331311,0.86375,0,0
3331312,0.858125,0,0
3331321,0.859375,0,0
3332121,0.85625,0,0
3332122,0.86375,0,0
3332211,0.8625,0,0
3332212,0.854375,0,0
3332222,0.865,0,0
3332312,0.86625,0,0
3332321,0.86125,0,0
3333111,0.8575,0,0
3333121,0.853125,0,0
3333212,0.850625,0,0
3333222,0.855,0,0
3333311,0.855,0,0
3333312,0.87125,0,0
3333321,0.853125,0,0
3333322,0.8525,0,0
